,feature_0,feature_1,feature_2,feature_3,feature_4,feature_5,feature_6,feature_7,feature_8,feature_9,target
0,0.6736333110409908,0.8862316601255106,0.34412674859453074,-0.2815754308001021,-0.7997861383857707,2.3766283915083903,1.2948175080223514,-0.5893867019785693,-2.0684381816424287,0.7523597640737385,2
1,1.0313209729892687,-0.0706754019746589,-0.7189786673279814,1.499491490138763,-0.5541312470844857,1.4652897169405943,-0.029431753872509625,0.10583464361677868,-1.3581508305480645,-0.8451443223160826,3
2,-0.09945427502303521,0.7130122168703961,0.9434355624918696,-1.0356057313844946,-0.8633555813417826,0.2997616195615923,0.38470041168298585,0.1416671648715303,-0.3056200305700326,0.5060271431070442,2
3,2.302266157467093,-1.2608741520170355,-3.755243807174591,-0.18844908213006825,0.6530372834064285,3.4364406626612265,-0.17059651062467274,-1.1758349879382288,-1.3228489456312353,-4.441014487282226,2
4,-1.0136117301643985,-2.8225063888224056,-0.9651639680924946,-0.6701258977272965,0.5541275783267697,-0.6071739834384351,-0.7303328552701154,-0.06036249439233865,2.2362698405795847,1.2627558211750927,1
5,1.6814700618107237,0.28511442294055594,1.3445544830826734,-1.0922179413406234,-0.39256725796515246,2.4483328515983764,-1.0858209303777806,0.6986502343077553,-1.8721615202818316,-1.101948834883417,3
6,1.2494029309115582,3.246818125467912,-0.4794822548672716,-0.355494774608452,-1.329891861334063,2.105999251245159,2.0663475104430997,-1.1974276956385663,-2.1001073994744903,-3.0936015773731893,2
7,-0.3117687971969422,-1.1675625412505344,-0.18442623428047278,0.583569926909304,0.20721739341095335,-0.1306189706581855,-0.34179253645533136,2.9290962417638613,0.4388498399388181,1.072952026535169,2
8,0.40666040284943356,-2.9380130119024503,-1.4112841039225665,1.3363861823227936,-0.496608209729517,-0.030066113564379382,-2.1501698659802164,-0.12004112209610802,1.3905478230413038,-1.1598232006522557,3
9,-0.3683012830845187,-2.2458529736864854,-0.9618793872910428,1.5116393498843184,-0.7995934996704901,0.2652912968781387,-0.3889707667788693,1.706468247260989,0.6795060574068521,1.4488316829968526,2
10,0.6674275331614469,2.2538285708070114,-2.1837162535379306,-0.14244786878884133,0.12853631685604816,0.7119894461209724,2.173207773104764,-1.308763514238608,-1.3411920759397313,-2.650351399134215,2
11,-0.7101051031049522,-5.477999954683981,-2.605239108762179,2.0347625440211536,-0.3386821854453976,1.9134009242784864,-0.5187949418520788,1.0541779089389227,1.921281616283709,2.5419651104493237,1
12,0.9835210915809598,4.068754863096987,0.45590272585609826,-0.08203415314548415,0.018922103882194737,-0.022224561653006347,1.5808330770045171,-0.9571580982754103,-2.746859534827797,-1.7454647351477655,0
13,1.6494769436742351,-1.2872873121548574,-0.1066531110416501,-0.4152313958216571,-0.4017637421265006,1.4761046715514405,-1.9567244937620982,-0.6736641713091397,-1.3856791611618098,-1.0184624496593615,3
14,0.22397644351101964,2.0554902804788573,0.9238763428128001,2.6205738460182393,-1.4469403347558085,0.9620721255606277,1.3217552057974151,-0.7474731780653794,-1.1331034975465784,-0.26516534396878444,0
15,0.07489794288160666,-2.5360487126008375,-1.7071278371064387,-1.607676579043177,1.0805441270254872,1.742918344628967,0.47721931924730454,0.4561636113551334,-1.0263814732980239,2.785637204572367,2
16,0.20641706928526707,1.9859654210791522,1.5551469475853004,0.21839707312993703,0.442846113746739,2.2916353516658408,1.469874317955767,-0.34419645646738123,-0.36913298586907106,-1.021062643312261,0
17,-1.040219089429608,0.17228786132417193,1.3852905295626639,1.0223923224420695,0.4447813624072502,-2.0101440334822,-0.6041675971909319,-0.49821161858610963,1.6579432077430036,0.6354377198156813,2
18,0.6379065239047186,2.129466406569705,-2.07765194473208,-0.1066526736602251,0.48693730493993265,1.373491162611002,2.785833144702146,-0.4932143871104978,-2.361363950464251,-0.9008063131034405,2
19,-0.00863092489681713,-3.5202856237440785,-0.4061803635946749,0.9901213838791937,-0.8391294028422137,0.03661808216450668,-2.57394389025632,-1.3647582300824324,2.209708475635411,-0.36981697529400304,1
20,0.8533444648564238,-0.6804726477063212,-1.091489348080126,-0.7097851001194992,-1.2493385148615423,1.0060308870632264,-0.4110738270182338,0.704642720749891,-0.6827825624843122,-1.0348223010933681,3
21,-0.008038004162557646,0.3019927488748503,1.3543247730872494,2.488441614331128,1.4263168607870274,1.5064996189048294,0.244754502199794,1.6959695330141693,0.3388951515888712,-0.1458465187370236,0
22,1.1547227406052984,3.1495231997106226,0.6323497327216343,-2.437564359199356,0.3351056201959989,1.56114105848115,1.2419357924474317,1.11492455949028,-1.8223972282221415,-2.6782077751851703,0
23,0.05039066377294502,-5.098701673559384,-2.737981037572662,-0.9906709306271492,2.1982963386704926,1.3032469296567237,-1.3754397596063228,-1.002668587369791,0.899449942753354,1.7593182612082856,1
24,0.58164018538271,0.07214272295201356,-0.7351783860756308,-0.3355806435831669,-0.7846874114294452,0.7306088852476058,0.2965120035448342,1.896182228633144,-1.197953472012659,-0.07911794535714112,2
25,0.4289578678237245,-2.928367652144622,-0.27112616264285827,-0.029856121636366265,0.9106456722299703,0.7108258241403236,-2.2379525736595207,-0.1181707843665918,1.1389725392568206,-0.33774748584260217,1
26,0.9372266248606362,3.826866838239042,0.26667673529033964,-0.8351926901914831,0.8065637678962596,0.07076365874002066,1.6901345742627538,-0.9467404109571895,-2.8739309461716442,-1.3130820594648875,0
27,0.484847489493068,-1.3484245881171704,-0.9785164132595415,1.0941669914439438,1.0799312171425357,1.1096223863926822,-0.19406172335794292,-1.0942409530350914,-0.8330227240917304,0.7547176405171789,2
28,0.28404819366434836,-0.5417722014097951,-1.769947160778677,-0.37754691905928855,-0.20583402521873762,0.74256060426579,0.5738221687741689,0.8546427287124486,-0.2605140672747448,-0.6564292006156892,3
29,0.4475412620145395,-0.057747082698456825,-1.925299584721527,0.36559146022463607,-0.5843752753113219,0.578623498836798,0.7434351253960485,-1.6677798928842373,-0.7062966871788385,-0.8976673649583201,2
30,0.08739482845237177,1.4482642452651466,-0.11918451789787843,0.37415508597080255,-0.00041732641262016675,0.3153870616804273,0.982369615402773,0.40955177823769134,-0.11305168296334256,-1.3777149263006634,2
31,1.3717872212922761,0.8906905164118731,-0.8265074148178182,-0.22342611219469602,0.3424273512868276,1.048417792052617,0.021188668856908066,2.4643219335153654,-1.8850210529056477,-1.8073580541516319,3
32,1.14678582201317,1.6730939317032671,-1.6080442311009753,-2.5790507451894746,0.7289298673852393,0.48665557124903225,0.216541457237726,-0.9375093861087292,0.1608108877602552,-5.328189994233806,2
33,1.7268106143658624,0.021723146335248862,-1.1449493216281963,1.4226047489690348,0.9659361184597012,1.0042268920954125,-0.6849539244552475,1.9612269893650154,-2.53912591661,-1.1082334470402646,3
34,1.2472487218521309,4.666650441500361,-0.2334652724582642,0.9836361957891795,2.19089801323984,-1.621476293917989,1.3034059794036552,-0.08561495423049709,-3.6626201870612975,-1.8720941712962094,0
35,0.14081537706124808,-5.308564189718115,-3.2159012032034373,-1.6300026510237087,0.4080746493461687,-2.596937554901614,-4.234239510378636,-2.7196793643226145,3.1200477195128737,-1.791899992960675,3
36,0.3198548295823376,0.36355090792472444,0.6199807061506919,0.46637957438197886,-0.47728627040322935,0.5455112370473085,-0.17126128502761273,-0.09439250641118496,-0.3048652718337277,-0.393176885895014,0
37,-1.1226983581540135,-1.989634209151593,-0.03559116834495901,1.2729537489199108,-0.4751751058292485,0.4635347970465673,0.09554687610288815,-1.6961312668315431,2.125128127062709,1.3874834161420395,1
38,0.6091228486319374,1.2979641888313302,-0.13160527944218092,-0.2789142751032398,0.8179776072548057,-1.2070067002070228,-0.3244509555472934,1.4315677574492909,-1.2744956491832113,-0.8263594745998608,0
39,0.25306669716236013,-3.15379969211499,-3.2890533337096164,0.23908708037359924,-0.9733759675567485,-1.2405315511506636,-1.7035994268298684,-0.6078874462819541,1.0852162159242598,-0.9704070255130581,3
40,0.4873624967658922,-1.152990128752065,-1.7743514217662937,1.2228774470534098,-1.2557748817415015,0.434622523273932,-0.3614968133869131,-2.0865100288551877,0.056913663578713525,-1.1066168960580318,3
41,-0.5066144019238183,2.605728865982192,2.611659319121517,-0.8396324471731914,0.6079925094063973,1.966873340266231,2.1243708335207843,-1.3682450953383907,-0.018778227754381205,0.18966165071766472,0
42,0.9922525992217389,-0.12920727350570702,-0.952362442853762,0.14410648512323182,0.7920414984229742,1.6137169566700682,0.09079729996585173,0.23345807966231802,-1.0708300527073824,-1.230152686045507,3
43,0.9986833166908032,-1.2729877312957836,-2.954312187933658,-0.5480871874725356,-0.6890484294179713,0.28241373212086907,-0.2136724757534617,1.6531498325653209,-1.5072363505758606,-0.49010744842400633,3
44,0.23243575747419795,0.98977977042505,0.9437586615259764,-1.0506538365874896,-0.09900831128407737,-1.1965225556747905,-0.7072087358517731,-0.3059525750983919,-0.46058887758994405,-0.33421083159123377,0
45,0.6675755871196211,-3.2503049877430774,-1.2062320663857187,0.40713033108324814,-1.1046901472056094,0.010399945007589562,-2.6924369928430245,-0.6285575802445897,1.0504587235915017,-0.9439128233540865,3
46,1.8844418316448563,0.8010895228887642,0.7817695200899759,-0.47336092550247877,-1.77474481518865,1.6157812322577343,-1.2240734834023075,-0.20357067147347696,-2.0112409303683965,-2.1088332432016292,3
47,1.2834758191376636,0.6000861775667582,-2.3056382254895365,0.0008999266711071547,0.5498568672963908,2.0107693890365974,1.6726579166673234,-1.5422881507996786,-3.315112793014395,0.1293603460700239,3
48,0.4904945279513218,-4.135696743473618,-1.8403826119771516,1.4015234160052454,0.09775080242218528,0.8924325556703707,-2.021148090253372,0.1584338467855317,0.5952454933991633,0.6667556188774562,1
49,-0.9504366745501459,-4.318455078691054,-2.900705878600525,-1.6417032288097841,-0.7308735859513859,0.35067634028522243,0.021684835561500915,0.2756665493407744,1.3363627284733837,2.8778268819107122,1
50,0.007673006818967197,-9.273518243235404,-2.5799019253142625,-0.5895799225452156,-0.9768953867353252,3.5081403733917127,-3.739221706685104,-2.1789315201949093,4.178436214396685,0.6983169408076293,1
51,1.3129531061686306,0.2201401378596349,-1.8094981734544802,1.7140514697707319,0.037996013453515,0.6988737363204554,0.1419332258643924,-0.7679485917368151,-2.33347139630734,-0.8444963657164434,0
52,0.5663852759685435,-4.94568521344553,-2.450622667569144,-0.11433515987237679,0.026246617861587385,1.6462989139340425,-1.8589929762946102,0.7435535155083369,0.41339284272860255,1.1773016460030363,1
53,0.09036259101411351,1.3045261157325458,2.1833571163096046,-1.6923704374741084,-0.5789181399432078,2.533885325739419,0.6294985999266312,0.7293463462804262,0.9888944775434461,-1.873505381683596,0
54,1.227206853230668,-2.89286236027741,-1.193066126780717,-0.8436156065359265,-0.050082641464535414,0.3551069566264259,-2.681288651069212,0.6500419730507697,-0.3751566217558696,-0.5378734540363659,3
55,0.6390148060486233,-2.324800531915923,-1.9980909983146677,0.41060179132004765,0.81547196924006,-0.23762243756769963,-1.6389160826405893,0.4809698500346235,0.3715864169032279,-1.0279135188730326,3
56,1.3092147086516774,-1.255600421120651,-1.3136118501763396,0.31112444609365353,-0.07223875867166796,0.12563332116087433,-1.8391657925456215,-1.0783610908167798,-0.5856401877756965,-1.9201932781681996,3
57,0.9972771059915252,-0.1702363501086103,-1.4359664157402119,0.8576619101224521,-0.2562326979954389,0.4975335506213714,-0.21279470334503336,-0.11059050280820729,-1.3678268616956912,-0.9765478852548862,3
58,-0.2829466151560983,-3.912311618850206,0.45810054081742724,-0.5981504525164858,-0.8319574932171248,1.0229936109092181,-2.6448313548255253,-1.5200392851920637,3.3491257603167153,-0.648332478909363,1
59,0.9192069004577735,-1.135552721378431,-1.8062549265021381,-0.8868796038714377,0.7979131965667455,0.9205006941725368,-0.4084000948477404,0.6343866731890512,-0.9175075728601297,-0.7742537472798066,3
60,0.602077602857221,4.522445547991095,-0.367700286579686,1.5570100415321602,0.5880377487398128,1.359719293058943,3.2405623367792415,0.8840271974263262,-1.7864798079913677,-2.993950916632241,2
61,-0.18871162724806576,-0.560446279791501,-0.14341399793629817,1.344074374673427,-0.011135627340667108,0.6529053361252959,0.4155830000755565,0.5000166958573026,-0.12454293543146067,1.0848245664034826,2
62,1.2476967031370534,2.360138504909865,0.7014797265553729,0.1508182063325938,0.5456573234700275,0.039550192872833234,0.2893979519261656,-0.2554707861877694,-3.3441552640492427,0.08894368594740643,1
63,0.5609112492230752,-1.4558359381773789,-3.388165565320735,0.499646955111966,0.39710623644977877,-0.2982538747309571,-0.0824537386515114,-1.218683829977197,-0.5414064708683601,-0.8596755959357334,3
64,0.5239699330440821,0.1462806117046964,-1.924597437963178,-0.1306203959951194,-1.0834266602642797,0.7120646653359393,0.9088748454861055,1.4006890344430014,-0.979148938656199,-0.8627536073160584,2
65,-0.4541261662613271,1.9993377685607805,1.8857110355427034,1.0097118548117143,0.3843234052112453,1.4891255951083064,1.879464568641402,-1.0053118723488588,-0.33325781653972475,0.732667661781071,0
66,0.619888930306248,2.989061309733949,2.2776152946757495,1.5309323510288246,0.04253907402979072,2.485875604147976,1.1159952543707308,0.09244773546980858,-0.12832240926023208,-2.976949156720733,0
67,0.9133824712662254,1.5829329620843866,-1.8665728777525588,-0.30274601690425323,1.4156562261746801,1.3289524887794795,2.043269369214306,0.9896794419358903,-2.7257147882411834,-0.4767587071439042,3
68,-0.12678101795389507,-3.9331407401018685,-1.014012251164388,-0.8087175319795337,0.43283762149999394,1.548240143908433,-1.3386903957999317,-1.1041239857992617,1.6028980270767248,0.9124220511678851,1
69,1.0953280343696845,1.149149230829627,-1.1035431422450603,-0.44791483841554025,-0.20433893690304725,1.6917729138085813,0.7779481370322823,-0.19871506167079867,-1.0038840136455573,-2.780023174236412,2
70,0.4212280955335349,-2.547876321909228,-0.39926275262253286,-0.608291150081495,-0.7408667042040726,1.039968144354895,-1.574684090518748,-0.640725724190199,0.5613182399952614,0.14986065109489088,1
71,-0.9937214911964007,-6.427713667186041,-3.4144722186820564,0.5727513668572158,-0.4310963375107571,2.7220208060882465,0.13937534078080538,0.6775570335877171,2.012730376075954,3.583518927479175,1
72,1.0409802133818689,-1.0533462870630264,-1.1883677648123931,-0.11858662355009231,0.8621480568842673,1.1226648569625028,-0.7571133618478859,0.4883705904296574,-0.8316029800359387,-1.0032174708699257,3
73,1.539465822490404,-0.945399807515311,-0.3992139349259457,-1.29636038827543,0.35026591956203,1.1342466445601347,-1.7323673636486328,-0.09302414444422329,-1.086709439383204,-1.6173956930558728,3
74,0.6655499422931525,2.7357830526119717,1.2410881382106629,0.5049699814628403,-0.12364962589203071,1.0840352781726035,0.9720036679386176,1.7236962756672618,-1.145099783167976,-1.8144950869661334,2
75,0.11621177232739618,2.3987954185110736,-0.39854162051264685,0.18342864666752473,0.7794605312590615,0.7457905561855654,2.102869758910477,0.2879154322152784,-0.8464525887450143,-1.3189001096281483,2
76,0.053279773115274806,-4.972567972468515,-3.1096879108092312,-1.913742670861507,0.6444520334110423,3.517503497361647,0.4633761813906936,0.6635615765913815,-0.3284810089213763,3.29302297729503,1
77,0.14502726638833663,0.23006319031610925,-0.8252032558248922,-0.37595996597125914,-0.7393953025101954,-0.5330120310508104,-0.30286679314908405,-2.3721938715130153,0.9808790560318219,-2.4006644490458973,2
78,0.9323104789102697,-6.543348840532925,-1.8777595991745875,-0.036883530845066945,0.030546581040616888,3.582689728867333,-2.9174908814776783,1.269764750314304,1.4202694525899737,0.40320721394781867,1
79,0.8619414197803847,3.5475787926923013,0.520107548826833,-0.8152756611364586,0.597212504403425,-0.39468033894162646,1.147777626633267,1.801213990808535,-2.502836425265694,-1.3147266344574402,0
80,1.393629238431666,-0.009920333843792348,-0.7281743916121208,-0.7756641079399706,1.9026181983698311,0.8312672391180416,-0.8644808602664806,-0.1880897380496502,-1.4004395272524937,-1.749535969005757,3
81,1.663180422606626,0.024976118040944694,1.1822877877068856,0.5082991855939731,-1.9434568512868227,2.9315100708058197,-0.921108330592114,0.5833680068212987,-1.7323170239928605,-1.1121554997834684,3
82,1.0895564579823795,2.556699648841223,0.28190648595099543,0.15647625694629896,1.4148741359224224,1.1906368946131674,0.9178166431084235,-0.2163439782957261,-1.6968388995114356,-2.3376203024743,0
83,-0.16997836731541807,-0.8376571368465668,-0.9840686543109407,0.42281857467666145,0.7088595753671403,-1.1295854565488814,-0.2896682141561068,-3.116856591599126,-0.2588990957735786,1.110596807961751,1
84,0.9111594144257796,0.7219820501711455,-3.1178649854243887,0.07328543200764547,0.701783372117029,0.5512390646741364,1.4411669542340657,-0.46189381535428464,-1.8928670903569997,-1.5196840009736872,2
85,0.868458342146151,2.657118348981167,-0.9118611224105904,1.734572174923709,-0.6210826977013774,1.6932608629573254,2.280572003553832,-1.0982894313247467,-2.101748150294366,-1.8067678918044248,2
86,-0.5273572066254546,0.12661532935694783,1.7251851082632093,-1.7302760615500858,1.0139721541121614,0.682390471267964,0.20554596183838536,0.5887424068075064,0.6572729213562236,1.0144058243791672,0
87,-0.5422593756877835,2.154616949247449,2.3936230947311175,-0.400986157896401,0.46079432770125556,0.8860908907067221,1.4837138355126827,-0.9711706648243907,-0.16210894841300028,0.7962079229462389,0
88,-0.3278677654784309,-1.694669875665895,1.1656302135541936,-0.913594509977107,0.3759274257674802,-0.4141532995667423,-1.450325763507259,0.8097407308144474,0.5334420611919568,2.046713012069902,2
89,0.4473158309781543,1.1818840408992048,-0.18916989024380415,0.007617498318158107,0.8962484253561593,1.0824063729257998,1.160701759135505,0.886864686582761,-1.4341824549447852,-0.11665277811689434,0
90,1.0485244894973136,-0.4478294681796401,-1.030968226026829,0.5707885293815738,-0.9448701973880109,1.789305323901536,-0.03775281570592082,1.5427963382930518,-1.1092140398406576,-1.0717366352642166,2
91,1.2208195421033234,0.6236042120068024,-0.7029962544507276,-1.0585718976053677,-0.3591165950658852,1.7397929866728927,0.36475530023810876,-0.50900583859132,-1.7621897465073615,-1.323517608586341,3
92,1.9834652008268647,0.9471459643152353,1.8196481353064455,0.4968931448384696,0.52162522724034,2.91201900168193,-1.0059153172356816,-0.665041618158691,-2.249259258185119,-1.669266172386461,3
93,0.7093129884957599,2.124882329516112,0.38433173783475294,-1.8388466037584985,-2.121176444902436,2.6045215125794794,1.912910206966942,1.9667639719347398,-1.5843606149875715,-1.1292027142298053,0
94,0.6358304897351531,-0.06710806585691882,0.1707236562660408,-0.5216965249478154,0.8303860053403918,1.3801647071092549,-0.3557914253240376,0.7776072813422404,0.03839857037382788,-1.531514222009733,3
95,-0.3369357636690953,-6.043710514864242,-1.7478336042100042,0.8783037577325304,-0.8869043262838756,1.5611320898966183,-2.3762253649701277,0.08645252400759346,3.025685396288811,0.8397245873478063,1
96,-0.08585858886699568,2.0924509738309265,1.8520627681568356,-0.12656933163938985,-1.6641729851661735,1.1055634227478346,1.1764287792377148,-0.3634377801160514,-0.30288918310777935,-0.3358907956276055,0
97,0.9313511151115212,-0.4464640947403899,-2.747147571415735,0.2522707806121254,0.8755091531413832,2.1824487050530905,1.3587101071643908,2.2856011815280666,-1.6981182798374728,-0.6771588809749644,2
98,-0.5276259114106315,-0.19227409598187445,1.7091635917774484,-1.5096616060682988,0.7790512201329916,2.2001232915421385,0.6986181017909897,-0.27739139174310984,1.087004980987377,0.6385431925014344,0
99,1.4677462537415402,4.668487756920945,0.2508589717249152,1.2973420890928906,0.19321355323369646,0.8339779882163181,1.786642557624961,1.0013310173467296,-2.8383079267199594,-3.4531700086169552,0
100,0.17741207289565344,4.2753565370030575,1.4540829163768692,-1.0513903986600646,-0.10321275146170758,-0.16495273309076164,2.217798380967995,0.24664895525244618,-2.2726378862409335,-0.1497463512002034,0
101,2.1611720330874222,0.7372368021176011,0.5023190036029972,1.9517610122678137,1.925805737459527,2.359423892409035,-0.822220194186171,1.2399405498273601,-3.0038368498042094,-1.400294786650714,3
102,-0.1304709954686016,1.3051722207927807,2.17853919838024,1.936712462402552,0.4038960208359738,1.7451812664125992,0.6544320535715641,-1.4519055294317473,0.6526215920885634,-0.8137677750370459,0
103,0.7350095767939707,1.9675903488758189,1.048039469138224,-0.8688625468659522,-0.2527106720416067,1.7615131026231388,0.6667933021788577,0.6563907508593024,-0.5291101887464434,-2.3253726759241786,0
104,-0.8146506136653442,0.5498016457633157,0.7319725384522302,-0.04001872535163292,0.41785370321732596,-0.2748242256752962,0.9020737979302609,-1.2597873434052702,0.4891726944357565,1.1742412641622157,1
105,0.9921889497612119,2.6610195256173865,-0.5468804957685891,-1.7763886163465759,-1.6384236257417921,-3.036595868594727,-0.37032775192305456,0.2155530537886848,-2.8445865548456695,-0.8239711486969004,0
106,0.6686546046493945,1.939121445454698,0.2575032362873071,0.08658318016541909,-0.196233964943542,-0.09571323036093915,0.43068082880994707,1.4192550459109512,-1.4452493028086044,-1.1141960020186448,0
107,0.9466859437239011,-1.9000895871180732,-0.5370265366094602,-1.4589407305973254,-0.6527614493487129,1.0140717559769488,-1.6050183316004447,0.16987795979692444,-0.4497497598678978,-0.2972081393882394,3
108,0.5610684961097147,-2.342722375078863,-1.9084830257056282,-0.5966708555383098,-0.42378824854947633,1.1437153924730454,-0.850249568167994,0.5670582125201824,0.4248908777900371,-0.8620352520890414,2
109,0.7470056139647563,-2.2208254812588097,-0.30805225802707936,1.193611680749198,-0.1540723984248353,0.9353602624379507,-1.8111096037947034,-0.09816121120593053,0.06359009066004107,-0.17416725812875966,1
110,0.7818215484617798,-3.7817446455255137,-2.7381424420201084,-1.4269376854269915,-0.4994167610220383,0.893065986616542,-1.9276312092225125,-0.9325702298970132,0.8953406662620336,-1.2316587573510074,2
111,-0.8567170550644618,-0.9927651599007346,0.5484499838378867,-1.3109703704412123,-1.1419014192038466,-0.9093578497459751,-0.6868516547407333,-1.5329210534301279,1.980933885313191,0.3288882667815226,1
112,0.8446158017004174,2.1567029094951407,-0.823627519248723,-0.9108503776386525,1.1483505806911263,-0.5553633092912551,0.9806354157370396,1.4028447401002433,-2.7281805777120227,-0.32148987769814463,0
113,-0.7297877380365609,0.3836865184156999,0.3099576472965131,-0.2712073398901639,-0.021869908789079875,0.188726225384099,1.2890347590029156,-1.3171747888057943,-0.010016110388837207,1.6573038573638605,1
114,-0.2129370742460034,3.5872382078983933,3.3752591374829577,-1.4723229284664896,-0.4003488150134234,4.198352992442322,3.0674333409957253,0.9132019242521776,0.05652581879756502,-1.190680793656633,0
115,0.20930058488097986,0.15508943643185824,-0.9428353824547645,0.38616637709836915,-0.6993179409720909,0.8820146088876575,0.8203116942609643,0.10086706325731179,-0.383018767110494,-0.5233760133002341,3
116,1.3590251521460446,-1.9170923124916515,-2.401716306963782,0.01649148698086454,-1.0966017470927192,0.7427440654570587,-1.1978807194548695,-1.2217763346947719,-1.3718459217241183,-0.788076551943453,3
117,-1.163537655142411,-4.163557410883153,-2.129099783111518,0.44702415688567826,-0.46302175410905094,0.9078355521656475,0.16071441639384365,0.10571999546715494,1.9681814168123524,2.682692438151455,1
118,0.3611890735377966,0.3328537599616969,0.44677318084008344,-0.7303570955579599,0.9687443931111454,-0.5554141399194863,-0.7995928612961529,-0.7623615367276093,-0.18652521109274645,-0.7194042613749413,0
119,1.3202581218346836,-1.3289583761607893,-2.2835785212595647,0.40929499664095537,0.5165074442817594,0.6495514609080717,-0.7673152868401096,-0.4190819928078221,-1.7718270204275006,-0.555782826349704,1
120,-0.07929142752013606,-2.545176986710176,-0.7114299133320782,0.17233913922918878,-0.832186034150062,1.909250989767336,-0.1656665512173029,-1.649216974417132,0.4556520444945644,1.4211585760669243,1
121,-0.15523944842547813,-3.4753243523827173,-1.3489881374429533,0.017515613278218337,-0.709854182146104,-0.11811623163317964,-1.7104836386146762,0.3236257646091187,1.4476278984921962,0.6715787123405926,1
122,-0.19264402655466298,-1.842180826092659,0.8230223016562581,-0.47074249818272723,0.1834502535815763,2.684216133848416,-0.1856945280041049,0.27279638953026414,1.3476230665624698,0.44945639688818617,0
123,0.35361021371441,2.741394514582563,1.3060363983541377,-0.048344623779819615,1.3291412827455533,2.3424137011276063,2.0397108467254617,-0.6081012569516899,-0.9855990358972626,-1.2482440138293294,0
124,-0.46372686625852794,-0.003102226074165965,2.1473158729667565,-0.06174330145790107,1.5480668013787386,-0.16884112008454943,-0.7893425776692691,-0.4468362536626212,1.1591836062407235,0.4145549772532673,0
125,1.6880521392736771,0.018001813209531394,0.2734127011419676,0.5746089172925728,-0.5762418162269032,2.6260190004078696,-0.5931335146856382,-0.48982821884726685,-2.0449843123911573,-1.1116692216292123,3
126,0.7115721004457976,-4.600675067164098,-0.4198414522351708,0.4595849048340562,-2.123890018045559,1.5580962018571674,-3.395877721383475,0.28005786003768013,1.9615343663663047,-0.8818528051338927,1
127,0.7373318864197607,-1.1612123114210136,-2.4119252392236445,-0.48856622075462575,-0.3212589370580095,0.7900521898366275,-0.02830822515103959,0.33279821740445475,-0.6224028121468805,-1.006514996278053,2
128,0.1552780717094334,3.085674666310601,2.1445045710686124,0.4160996344158233,-1.2024753082044328,0.7433079647441305,1.3792263613471656,-0.20090753320092672,-1.2638643769421412,-0.24762870717380758,2
129,0.7627419339513913,-1.2962575056927814,-0.9997652393329769,-1.0192511495051295,0.9385851362497682,1.1087062009128488,-0.782129275548051,0.5125622314261223,-0.204276562963144,-0.9390085331609909,3
130,1.0234609087882658,3.25846926384143,1.1078626626678152,0.4683049076895917,2.1531197925705827,2.38025816779368,1.5858600868652353,0.11273794123573726,-1.4183064453954564,-2.834951127358701,0
131,0.5465760276731032,4.033719923341784,2.307233014779181,-1.4513384981910251,-0.9228233149968279,1.823102526444135,1.7213989599346562,0.02185735821987137,-0.8851405944713467,-2.562796566880629,0
132,0.43582078151585746,-1.3075072178136402,-2.174831518268575,1.1035037667283756,-1.1690957473220271,0.2685970096979544,-0.8294079620076966,-0.575255994806118,1.742472947128999,-3.5353403724950083,2
133,0.9414880982669797,-0.9885274064857865,-1.4170058514097792,-0.5969171117831944,0.658802141691513,0.07935029186831588,-1.1256839444165285,-0.22295918297037942,-0.5102319835207534,-1.386396541039376,3
134,-0.812957911345501,-5.120351000451538,-2.2294387678473226,-0.3234574724834238,1.3151376657209723,0.3380596651875514,-1.397611739628459,0.19782816784986781,2.5937605549736578,1.6628004719006126,1
135,0.03937788107287093,-4.505560292272058,-0.8408378959675096,0.5592989813908843,0.9508336970037996,2.6930292695499807,-1.441956604418015,-1.063695591025548,1.7455677196606356,0.8550712266278769,1
136,0.6000046878201184,0.7041707647659878,-0.2440195108432407,-0.6289807075912683,-1.4317977780650375,0.6878596351354953,0.08330387112517568,1.070072512070977,-0.2835335762932004,-1.821430556310085,2
137,0.12625016876904002,-1.271214180303973,-2.7477307349342626,-0.5473555742986664,0.11566507404634657,-0.13672620572934702,0.28534191245414253,-0.5507994257068402,0.012326236247439892,-0.46305530484966784,3
138,1.3011426937571142,-0.19807952344623111,-1.6972915380056983,-0.7663275989635832,-1.3693911240471572,2.7701060777610733,0.745501743012678,1.2815113403641332,-1.6465669421276163,-1.4326788145738008,2
139,-0.019463908077347953,-0.6137916453247049,0.08620947028848747,-0.0028761026590009907,0.28725731246679276,0.7080673200039601,-0.0028916915285435163,-0.0365972929162469,0.03164809530678503,0.5755004195997127,2
140,1.117588353279153,-1.1564927053270155,-1.6802462032983922,-0.42920929664647733,1.3141544338139488,-0.24021197984759657,-1.4794510025571308,1.3752254204468972,-0.6878654911183354,-1.5353746070087513,3
141,0.7609266174454006,-2.0210723295828052,-1.5252962463816413,0.8927081528737002,-0.4533374321385169,-0.7405446694617006,-2.135731562505466,-0.4736040569636581,0.3622971410464553,-1.3714086352670933,3
142,-0.6461193445088049,-4.821648774459037,-1.73234008668591,0.14067190330796092,-1.216076580745861,0.2782673830686896,-1.7638497574512302,-0.7436721747008731,2.6592166031390847,1.1075972745731106,1
143,0.9929712630701701,-0.5862047895215502,-2.326839954930832,-1.6196845653727006,-0.9741674350429901,0.5620784046455105,0.09484021671764808,0.5726270172050857,-1.6380346713791196,-0.600887365461972,3
144,2.027587656148853,4.316421691113619,-1.5224204594778494,0.2050866252318538,0.3822027877852936,-0.5714222301422383,1.3062263888773262,1.1615338035591172,-4.320785302182667,-3.138790068787783,0
145,0.3316719390378263,4.892220896756042,-0.30730228109684843,1.7108365825466556,-0.6264902231490875,0.7547481184546433,3.713970412375568,1.4144150427290236,-2.391400902104955,-1.703849950552361,2
146,-1.5768836677550941,-4.5046730939206805,-3.6349765432254513,0.04613505895568493,-1.7119701640942213,0.42737040367203927,1.2339645497193756,-0.9583744802265615,1.3857328747402164,4.214461581737986,1
147,2.116587446688,-1.3696483659627094,-1.1515510548982217,1.0339569868127836,0.3036564735262783,1.456718176775484,-1.6426964446654986,1.9093426255571087,-3.1615494920598377,0.052625280796676055,3
148,0.91493825752575,-0.3730091466857548,-1.0985524972646747,-0.8612155533986415,0.5726133530407902,1.2006239581516347,-0.1937599553851963,-0.5095951329463574,-0.7496186947225826,-1.364357334250749,2
149,0.15984756114152757,0.8476055337370514,0.643393240571727,0.8253722320875148,-0.2693897784512403,0.5593397061586964,0.417645417553672,-0.2983231689958337,-0.5033996967511708,-0.10778843735660093,0
150,0.8211120645856806,-4.595714946323087,-1.1941247513233408,0.2400569292967187,-0.15901225155435933,2.3190967227331347,-2.4134044205978222,0.10015940809062349,0.8381814378249846,0.15903169974153453,1
151,0.040950949460363276,-5.951701958120516,-1.8998132909168968,-0.005927405833231806,0.21035936662981292,1.0926301422244953,-2.9265563350161647,1.3660600684033315,2.5785494130806725,0.40704388556733884,1
152,-1.0366835161444932,-3.7407098135739756,-1.7728736668220633,-1.6480462063661798,1.6857923026593036,0.72094847535902,-0.018127128539339066,0.29871365999200894,1.8660544587549088,2.3063286881709315,1
153,0.6388314015379492,-0.8923590662008773,-0.9832169836337348,0.0012484557884866053,-0.7891021802566502,0.5615161034774128,-0.20532388833562076,-0.15993978775704282,-1.578017185203327,1.0784128741789005,1
154,0.5716445619576113,5.195807065839411,1.739627134638507,-1.7974558043668976,2.211304333239493,1.6231024714854854,2.9337368034154734,-1.0634329381546068,-2.11414501421672,-2.067874617653283,0
155,0.7434016330191643,-7.125027245415596,-2.5076925442680853,0.4936440875248639,-1.7140461160489964,2.99838437162751,-3.0887919649961524,0.48701532598037944,1.7244733343322733,0.6543050091099847,1
156,0.35387730373790455,-1.2788641423366114,-2.6351664628500036,-0.8795570973113842,-0.33462160595412205,1.318142002278903,1.1311353112422151,-0.300006659011757,-1.4067065807852888,1.129450456645765,2
157,0.720518814867342,1.1822969011161704,-0.6582869477378526,-0.12706716283851693,1.0985816482311466,-0.03370331455870734,0.024545589449876393,0.8134522451141071,-0.3851268412798876,-2.576592299502635,2
158,-0.3195818551550163,1.6214462661988445,2.6476534154164355,0.6041367404426842,-1.846531981664673,2.7379826195215635,1.3868815999464061,-1.6295836027484383,0.805833116515082,-0.6361723255148145,0
159,1.2003057990313775,-0.5378164452840698,-1.4019373775292565,-1.0260072516257819,0.7669904505595512,0.6395112514451016,-0.786357748070543,-0.45962644226943894,-1.034729393827103,-1.6481309892471812,3
160,0.37242902849525256,-1.3961840016088312,-2.7690520704775885,0.9008227642090298,1.6638731244377296,-0.23575203808165557,-0.18459191837263367,-1.5059113515713871,-0.047012981711562096,-0.8946598292597306,3
161,0.8371370995705999,2.982386389240435,0.7848188929395148,-0.8358560674816213,-0.024549423642379036,1.4588746455294268,1.399330326194704,-0.9420935888731159,-1.524118197979348,-2.106361120859377,2
162,0.8367359114208633,2.806127384517517,0.4502796697637276,-0.8859664820409529,1.279812020628022,0.9144725838587671,1.277099980043217,0.40088567910412115,-1.8711987895614073,-1.5814034030415804,0
163,1.655149817205092,0.5498188673068465,0.2639136622837419,0.319649783134073,0.731551581862154,2.0103579595142724,-0.6840743496403783,-0.4098545384398195,-1.657511185822569,-2.0741791632987736,3
164,0.816130066411842,-1.8381111913774222,0.48240147289409263,-0.020129103877537476,-0.33379096035356415,0.5564442065507782,-2.426582406916631,0.7750232632241703,0.5429993474073049,-1.039818652403087,1
165,-0.09673988425310151,-2.8273939577075784,-0.30804724314824794,0.7196681705373317,-0.7110405967911112,2.9051725002429394,-0.07179935344847477,-0.24841930670503823,0.7887531264371956,1.392954819095161,1
166,0.24656991746502357,0.053381576352641395,0.38907581338706865,-0.9562584224322828,-0.5319938094111618,0.35580002677354994,-0.3052781187764051,0.16586352265353732,-0.09190812552665517,-0.3573476152987285,0
167,0.39047320989554046,-0.6281663628998103,0.3498150754800935,-1.0182793255668514,0.2477063784668243,-0.4522705267440059,-1.391124244477314,-0.6545701349975839,0.06581384723621231,-0.3709560010632591,1
168,1.202536690503209,1.2950574036382203,-2.814667476025852,0.042779719883566894,1.4867824740856308,1.8776402423530127,2.1306156853674088,0.501799753807639,-2.577684644237377,-1.6055395355441051,2
169,0.9461930545786877,-1.4355705498569251,-2.3647102277864596,-0.6088151174171313,0.6335339024604004,0.3113374647936279,-0.5356299943724494,-0.22612246976395622,-1.3796907109766303,-0.13898755865030865,3
170,0.17124401626773222,4.082532092587696,0.6882021929965787,-1.5799305296711237,-0.06366148878954943,0.7043902146842198,2.465787477670979,-2.832011869908987,-0.8253101050208581,-2.4746399759780533,2
171,0.883503751333563,-0.35816288516355854,-1.7776351611817487,-1.631219507653533,-0.860509747109608,0.8143717446331455,0.2100973251733831,-0.3014723148616932,-1.4563716375055566,-0.5489596560552581,3
172,0.16158887072976277,2.0339844798167186,1.0472266712525395,-0.2789816053030303,-0.43141434110468524,1.3568064164493703,1.5275355975767027,0.5298337834749577,-1.0438044864903664,-0.16854499655755717,2
173,0.9396279449578171,-4.181658384633376,-1.9994633668606276,0.018627370661355457,-1.5639046348397663,2.2159584709167337,-1.6122155124578577,1.0543249749040777,-0.4084021949737495,0.9927818492130361,1
174,0.228241352600844,0.6057985465875412,-1.336723528832532,-1.0987684566672995,0.2950757833018624,0.21279643280754168,1.030036229517253,-1.400256208127942,-0.8251815128380379,-0.48151926167726133,2
175,0.9665127712653273,-1.2991307806316152,-1.4892221643179175,-0.04648115603289032,0.4614688774411399,1.7814302340227242,-0.14316480112554453,-0.43355433273316757,-1.2856506160001786,-0.06218265705633641,3
176,-0.22517934827967048,1.9198180498396882,-0.030284352556464333,1.1641517662249663,0.5953003076922928,-0.5521696460325272,1.1734185349970399,-0.23229400718659735,0.045455512905875795,-1.1949671012208276,2
177,0.8211240319334036,1.8905880488358073,0.21239291181867082,-0.9402702359572048,1.561279598955807,-0.1317791085589861,0.20455922075579624,-0.6599427051023377,-1.5404764046802106,-1.334171055720493,0
178,0.36723107840189656,-3.0051217054684027,-1.2129074743335797,0.7538656835623008,0.47329059491479947,0.7031275763200079,-1.1963881472607443,-0.8881882110855133,-0.5326257713856916,1.9526686658992305,2
179,0.002319206627165065,-4.503877446717838,-0.4225193311809198,0.10482780282721457,1.1279566249333806,0.5545314620259867,-2.46867098442054,-0.9932572174375524,0.9518072175452548,2.331434514454338,2
180,0.825456841021218,2.657670097644991,-2.1650842589217083,-0.7731925102234387,-0.7243113192311228,1.429517445310165,2.945720817922873,-1.4899330082214923,-2.5490333292554737,-1.5968915091740556,2
181,-0.42014000663308837,-6.046897189819459,-2.9260554775982164,-0.015779217120995174,-0.7083850523381071,3.7646387202751472,0.0838467879217184,-0.4917301080135276,1.2197748359151197,3.2014102755455323,1
182,0.08373459624388899,-1.7746374318912537,-0.08023359312039291,-0.8096265760401127,0.8591041927855306,1.144222883287764,-0.6710310217403972,0.8733118360704122,0.4619819983755118,0.6142304002076792,1
183,1.0859793983056858,-0.8848599906129238,-0.46067104163936623,-0.5070366321254438,0.31056471042047845,0.5926618377986207,-1.5455207362208967,-2.010782268585878,-0.25468704413561993,-1.793123942955153,3
184,0.7312904978703254,-5.582190955424787,-2.2060661282427785,-0.5286706589354886,0.4563633634807854,2.3739262196893485,-2.345001671556674,-0.10800383678095793,0.826921198584712,0.8098331208993979,1
185,1.2470830259102677,-2.338523954039474,0.45488788718857065,0.7035855546433883,-0.4808453408727291,-0.6312210927816315,-4.1320017017313075,0.9291451477686911,0.9493918667289082,-2.2995454497051315,1
186,1.4358754432528755,0.1543282985780903,-1.4371814985057054,0.4195241084261415,-0.08422329652739403,1.4576934142682325,-0.36831971658205753,0.9244340219585094,-0.7682925321004145,-3.266855848272173,2
187,0.2533215009976394,-1.8157044302951395,-1.3516016453564812,0.556964120578887,-1.522768090504186,0.7871053035012445,-0.4113870559993904,-1.8381767396700122,0.06761337749544438,0.23804255609808678,2
188,1.2315321480980825,-0.3920055993468659,-2.0128047724183933,0.32579961364062554,0.7130162297109377,1.7091210658770604,0.08163779363262436,0.12476952104321241,-0.9323979765685432,-2.2892595659074577,2
189,0.9775596686724529,3.2404184268662166,0.09317038339444716,-0.6470535263827593,0.6572676903047773,1.9046976935566664,2.2827387203470018,0.1712435451522125,-2.669089822564575,-1.2940499498195435,0
190,0.061746624466950784,0.5814285395565059,1.025105132404114,-0.39079799608101357,0.25233143138452124,2.0625169686964924,0.8324281940171558,1.209850126410305,0.11217914685852137,-0.38055337714536785,0
191,0.4524533840966057,1.1196517238788555,-0.5439334384677039,-0.5139029502799155,0.9882405737426969,0.5579732955194563,0.965007077164512,-0.7688491596748099,-1.318946313571138,-0.4044859522422215,2
192,0.6475103751776201,2.600800593316459,0.12458249437588353,-0.015005087031364805,-0.21143829084555663,0.9133267921532638,1.4567560197107108,-0.11341163064273396,-1.446775852058729,-1.7045183277439675,2
193,0.6939026001005617,-2.867058454116293,-2.232486357344632,0.45615303582705535,1.1997361764150378,0.8243952849560751,-0.865818976153143,-0.3575790319685979,-1.1276608044132068,1.4339131012378858,1
194,0.6069229148116494,1.4356113311793486,-2.518186768640229,-1.6659560767977184,1.914229697062814,2.026905008897777,2.971433153795072,1.626649562301582,-2.3233820667372043,-0.4733288209107487,2
195,0.6230092259543794,-4.040275681395277,-2.744119077073729,1.3426220105103532,0.02862050418778282,1.7706808939562375,-0.8064730540246092,-0.7399358529652597,-0.7997537266807069,1.916379816016378,1
196,1.5935126411605067,-2.395438811564563,-1.0398800272741486,-0.7038590359904466,-0.08081161294374097,1.2719801341873214,-2.1736157249662265,-0.7707843007065652,-1.4387797049074544,-0.24690886713280658,1
197,0.9641232713751205,-1.0805616924534966,-1.8699701755105647,-0.4813926240476333,0.09082592703632521,-0.4030070501633902,-1.3176067086838164,1.3970653013137426,-0.3304326897336295,-1.8331163330522924,3
198,-0.2582003741247281,0.4827518408405991,0.4997972970884632,0.5384370003545387,-0.0560994733409029,-0.5113860470960099,0.17134773577285667,0.48334185178057176,-0.02240337787342983,0.4895478142389613,2
199,0.47967018302465686,1.258911493628355,1.1594591045687828,-0.42870206558582885,1.4622141707804195,1.821139243292571,0.47542580934590917,-0.6378405564735843,-0.10268994044374757,-1.6459442278073708,0
200,0.7279656824427793,-0.25452345293655576,-0.1990092163208581,1.7025701522417913,0.18970261207999575,1.6509810922649386,0.33923132771845244,0.06763423006691976,-1.8552649163934651,1.0564397347580416,1
201,1.1751898179543365,2.3265847424387474,0.42527567707331404,1.0085972868601036,1.6142495472802274,1.947024860385718,0.8594774577819032,0.5275973827743159,-1.2990152524614547,-2.884212495916457,0
202,-1.669134702191962,-1.8458930428772728,-1.2258595156733803,0.544144752358008,0.9541895808987649,-2.654806925965109,-0.20081146306743303,0.4472120874548315,2.4269850351169806,1.6672313610297933,1
203,1.1366526170072644,1.478513128203729,-1.413365767287634,-0.9842090022728482,-2.0195400853867214,1.017886724922533,0.7922537394471588,-0.1877949219748069,-1.3010570637936947,-2.8663732935720563,2
204,1.6689942401821554,-0.8533284765288693,1.1333142462787658,0.852829768274368,-0.6354304386192672,1.957676369289512,-2.198631181280786,0.6695623405090826,-0.9655250288197277,-1.5169821536086912,3
205,0.27138716323651546,-1.1492672489656186,-3.1422295556273854,0.23868157093183537,-0.36416980891575595,-1.6789580042306604,-0.6978876344318783,-0.11622243953775185,0.6021918000210607,-1.9858570951109291,3
206,1.5757088036810243,-1.1505713293774573,-0.5311625295066735,1.1320051336773298,0.19383173692841307,1.7623111355655032,-1.4465755184990123,-0.5609810031317565,-1.2743941245968835,-1.311849144768661,3
207,1.0345453849493276,-1.536015708106627,-1.6172293686206287,1.1363880775397395,0.5858508058179356,0.5922012130062595,-1.0678082242608393,0.6716165720359097,-0.9677499927702554,-0.5515872791268233,3
208,1.2620439678892506,-1.7670109139587322,-0.639495773350873,0.6133262263287012,1.5551140320590677,0.8613996450668391,-1.8042030795241208,-0.2859591514851729,-1.1584951509738874,-0.19738402957546142,1
209,0.1862060260684465,2.0984579415875704,1.6943490647716892,-1.8447011636280461,0.013748487335533657,1.6709338781932637,1.1615376966922204,-0.3611131347398661,-0.35050169756621086,-1.030340883363507,0
210,0.6952284967104031,0.954554313437272,-2.48381491051999,0.5066690260283885,1.0137505474982607,2.088866146753822,2.688915794085191,-0.6222254717550558,-2.6789780006611768,0.2716284838519445,2
211,0.3627976378855923,2.26031811527818,-1.6255578838331481,-0.6844015561404262,-0.8746625219888452,1.9367938206650666,3.3918341854704424,-0.7112857556104383,-2.434715018579154,-0.011238216621026753,2
212,-0.8198100107559205,1.5682175002101923,2.270966812811394,0.05549222544380277,1.4558079518368434,-3.1084898092122994,-1.2443282833389033,1.484925598699954,2.0169833937144013,-1.2740052832127224,1
213,0.7290384852458871,2.873632250790469,0.5256905394180365,0.08261103215620101,0.5680073592264201,-0.4672947566832675,0.7939407716050811,-0.8215345170195275,-2.147412614348786,-0.9156842729258937,0
214,-1.3175540533651566,-1.9029203603504723,2.0428271130431415,-1.7971646153956184,-0.009657236532908346,1.2836480772772627,-0.15344674998798613,-0.8022531717308108,2.278568672312403,2.5090825327634354,0
215,0.25925375810620727,3.4997359728788795,1.7581653099078332,-1.1196282336804544,-0.7239287040586021,3.10595590360992,2.913237196494523,-0.7967753063063009,-1.2557267964834153,-1.0723593440987116,0
216,-2.3441447850954478,-4.44574256300054,-1.3888253199480687,0.27464720361244455,0.6888966666079323,0.9994585870215924,0.7841853112827555,-0.6036204360190907,4.084099100856378,3.0848457280199084,1
217,-0.7969227853515043,2.6509846343537804,0.0960611251920962,1.183119557331707,1.4969109935208271,-3.6347479080044733,1.0804529552732731,0.7188971655282916,-0.9389263929289873,1.146773770728778,1
218,0.1434537898975339,1.709560225577822,1.3965962782818309,0.599369372522297,0.21301716742988736,2.5818166371719977,1.65241084839991,-0.2563168936896428,-0.4264886811484705,-0.607541883489032,0
219,1.4436460257923103,-0.5042297525790523,0.7455605216395513,-0.14244541750936937,0.5383296032761768,0.8982958605246658,-1.9726364073650742,-0.2003534800049874,-1.1595239145732408,-1.1354203231843063,1
220,-0.5597452415051203,-3.9130464375483616,-2.138458273353762,1.9887319185953911,0.19898949440518773,-0.5776735913774977,-1.2892744368985827,1.1172834656881903,1.6344757845562836,1.4421677636487562,1
221,-0.3150084724101217,2.0551384606988834,1.7084452403149557,-1.0063655216785503,0.21524046763961147,0.36129522368514944,1.2109725706902996,-0.182904980856951,-0.4260712991536326,0.3972947399232487,0
222,-0.5367760724303,-2.7869867716231798,-1.086649663353297,-1.2402163364077703,0.41780058320608143,-0.9659248658422148,-1.4017169845060211,0.9000542427640723,1.735628909800962,0.7231806158925913,1
223,1.1004592637523825,4.297647022581893,1.1768786525151702,-1.604738529860987,-1.4061047713910109,2.4260017253142654,2.2882358726839707,1.4587147496759936,-2.0733314171446517,-2.9327160369406062,0
224,1.4416863202081556,-1.659506540461799,-0.29296788672372587,0.3263750897269907,0.003583205954583647,2.2399530152257023,-1.3935719653217604,1.483128627973814,-1.2921777259234868,-0.3958578719184015,3
225,1.1885255248357838,4.627388473066634,0.7805512509389365,-0.18670911180977923,0.9909091736848452,1.5139123373410386,2.20614399390915,-1.6845172554248828,-2.555569742838384,-2.899047643541279,0
226,0.868527686644753,2.1382620152393836,0.3752328875371167,2.171164949318166,0.101407146668211,0.7726821590225486,0.692808725005033,0.6620742889997063,-1.559455823001949,-1.5738293048041005,0
227,-0.20588876647372997,2.0752836150787046,2.5811757549666066,0.5391612741141966,0.10058120872896319,3.0461290988989673,1.8442461870257798,0.08617684238012002,0.3028174514022661,-0.602351674477166,0
228,-0.018443216281915947,-1.489412102196396,-1.5769124164944166,0.20579680373407996,-1.093895056734405,-0.04369361601133459,-0.12983086940719657,-1.3065215229226008,0.016261715040429836,0.6160911548658394,2
229,-0.5057905313105179,1.989915632360069,0.9126911184625752,-2.1433080652386884,-1.0065590647942375,-0.8879527127240907,0.9432265179111201,1.796918522574928,0.25673282099731787,-0.4360442160667771,2
230,0.3020088850246017,-0.45376988573330995,-1.5245982466211094,0.5711098221298226,1.6184593242319745,1.1024006135157283,0.9187840429662479,-0.5436940296827768,-0.999252461305127,0.43193836606839353,2
231,0.04954089081048285,-0.2583964488292821,1.215624350828808,-0.3416780975958806,0.1841812647035463,1.8368800455917489,-0.028446244938841625,0.024290914137780388,0.6401736317078155,-0.31324684069959996,0
232,-1.2265573107377132,-3.145231594491816,-1.0450489855190797,-0.37016416451370254,-0.43847445803460605,-0.6046958216860054,-0.6994997047886724,-0.9592553926405882,2.6643383377333176,1.408099187269174,2
233,1.3785789315689037,0.8841575896098605,-2.7403440276700124,-0.41021869278032874,1.4863992534663846,2.305001489054815,1.7112712992734371,1.3821818883931385,-2.259090755829404,-2.132758375268312,2
234,0.39120540837096957,-1.84127992959068,-3.020614353971273,1.1318119568284526,-0.1476374145148375,1.3389173079563572,0.7253469073645487,-1.6847289588739411,-0.7631513609036495,0.3944643042329963,2
235,-1.9569226562129858,-3.021525112989324,-1.786076521163133,-0.42554221277144805,0.027762131625501486,-0.4763608476805652,0.9516331522779726,1.4219755592924648,2.5068064234594765,3.040110440474122,1
236,0.7172866820541004,0.08536175694229209,-0.4985417304390588,-1.607320159234058,0.06389619165017826,1.1874267029028234,-0.303751773356675,-0.9659538588418697,0.42623893639942123,-2.750635220701012,2
237,0.4856403425162574,3.4664287102360567,0.9225670349261604,-0.564317909682489,-0.6795930425441441,-0.947498487467239,1.0334659326804008,0.227345950143481,-2.0496837024882257,-0.7858620686314216,0
238,-0.9298199156954293,-0.29055436541516866,-0.6953939423554389,0.4662900435501895,-0.6161211233234792,0.2476194625592819,1.7637096893916189,1.714831608676043,-0.19292754997855033,2.5710281264090673,1
239,1.3298675698535778,-1.6301161904316506,0.41654517630418386,0.565267202536451,1.4977150273195634,2.1602761115135474,-1.7964716563484233,-1.7997711814667445,-0.6531002105055137,-0.7717380094617192,3
